name	x	y	z	size	group	source_label_column	source_t	source_mass	source_count
I15	-24.4442749023438	40.0559844970703	31.9064712524414	n/a	I	0	0	0	0
I14	-22.6560040425246	38.477171113905	28.7896381073489	n/a	I	0	0	0	0
I13	-21.6969806978048	36.3983331905438	26.4040802944079	n/a	I	0	0	0	0
I12	-22.3246717268749	34.1512710413671	23.8834551840845	n/a	I	0	0	0	0
I11	-23.4730201933566	32.1040963620843	21.0486511590937	n/a	I	0	0	0	0
I10	-24.2790395515706	29.76927692594	17.563810424358	n/a	I	0	0	0	0
I9	-25.2005002697269	27.1665535006244	13.6372743325654	n/a	I	0	0	0	0
I8	-26.4701080322266	24.7684631347656	10.0817718505859	n/a	I	0	0	0	0
I7	-27.5859449116308	22.7549917989396	7.05217494461936	n/a	I	0	0	0	0
I6	-28.5759538590385	20.4828991066963	3.9677790501415	n/a	I	0	0	0	0
I5	-29.6850903039169	17.9403860242764	1.07935662376793	n/a	I	0	0	0	0
I4	-30.7623939093393	15.2945554855633	-1.71959269763032	n/a	I	0	0	0	0
I3	-31.6893750885778	13.0147415674287	-4.68977827326215	n/a	I	0	0	0	0
I2	-32.2467407674083	11.270715962586	-7.83907136257202	n/a	I	0	0	0	0
I1	-32.3083343505859	9.55180358886719	-11.2196350097656	n/a	I	0	0	0	0
A12	-62.7991770999759	0.172540358441468	-21.1979138131964	n/a	A	0	0	0	0
A11	-59.152820109991	-0.244955269629288	-22.4122197004733	n/a	A	0	0	0	0
A10	-56.8379974365234	0.111480712890625	-24.0259017944336	n/a	A	0	0	0	0
A9	-54.0722179823077	0.500917860039443	-24.6051785418301	n/a	A	0	0	0	0
A8	-50.8353188971094	0.996050973159181	-24.159954651882	n/a	A	0	0	0	0
A7	-47.6867449737549	1.20007807922363	-23.880387701416	n/a	A	0	0	0	0
A6	-43.4807215963611	0.222132421568296	-24.5980517177335	n/a	A	0	0	0	0
A5	-38.378704629776	-1.38981490957092	-25.3539560636473	n/a	A	0	0	0	0
A4	-33.8713794418335	-1.94113927917481	-24.8760671936035	n/a	A	0	0	0	0
A3	-29.9828312802878	-1.90244153737747	-24.0229307587978	n/a	A	0	0	0	0
A2	-26.2585901997403	-1.94619348641571	-23.6295981275837	n/a	A	0	0	0	0
A1	-22.3421630859375	-1.82439422607422	-23.6876373291016	n/a	A	0	0	0	0
B15	-68.3072874408514	-14.6421032566143	-20.6181626281698	n/a	B	0	0	0	0
B14	-64.3729618480632	-13.8217399283702	-20.5197344629689	n/a	B	0	0	0	0
B13	-60.6544944045674	-12.4768172178374	-20.242084963693	n/a	B	0	0	0	0
B12	-57.8699639497077	-11.0569513080689	-20.2621495223164	n/a	B	0	0	0	0
B11	-55.3080912726536	-10.1737278744353	-20.6716535206447	n/a	B	0	0	0	0
B10	-52.7596893310547	-9.78604888916016	-21.2977867126465	n/a	B	0	0	0	0
B9	-50.1351101260853	-9.80891133896127	-21.8217315764686	n/a	B	0	0	0	0
B8	-47.2675004310443	-10.1478319018307	-22.6841539786239	n/a	B	0	0	0	0
B7	-44.14434153733	-10.4816082354988	-23.7628665552313	n/a	B	0	0	0	0
B6	-40.9761491018612	-11.0733841378071	-24.7608776473798	n/a	B	0	0	0	0
B5	-37.7267254647914	-11.7871992243417	-25.0657457076421	n/a	B	0	0	0	0
B4	-33.739060936553	-11.1030344015636	-23.8432473524256	n/a	B	0	0	0	0
B3	-29.4368447832372	-9.82477200825912	-22.1835338577118	n/a	B	0	0	0	0
B2	-24.3537877020233	-8.87665303539576	-21.318322072057	n/a	B	0	0	0	0
B1	-19.5160827636719	-7.91860198974609	-21.3824920654297	n/a	B	0	0	0	0
C15	-73.36813306427	-32.1480413864136	-12.4071779117584	n/a	C	0	0	0	0
C14	-70.1067015342712	-32.4525217624664	-12.0916635108948	n/a	C	0	0	0	0
C13	-65.8679809570313	-33.208610534668	-11.1508369445801	n/a	C	0	0	0	0
C12	-61.7683195053101	-33.8833674842834	-10.2721903621674	n/a	C	0	0	0	0
C11	-58.5743817779541	-34.2688666900635	-10.6043047325134	n/a	C	0	0	0	0
C10	-56.1143970489502	-34.2362051010132	-11.3643579483032	n/a	C	0	0	0	0
C9	-53.5172367202759	-33.5353159980774	-12.0612224952698	n/a	C	0	0	0	0
C8	-50.3745475769043	-32.7328499084473	-12.5376073627472	n/a	C	0	0	0	0
C7	-46.4961318969727	-32.1086349487305	-12.084171295166	n/a	C	0	0	0	0
C6	-42.3460240364075	-31.7199689682007	-11.1853683193207	n/a	C	0	0	0	0
C5	-38.1929071044922	-31.6241813270569	-10.3717511825562	n/a	C	0	0	0	0
C4	-34.9174137115479	-32.1129159927368	-8.66705799102783	n/a	C	0	0	0	0
C3	-32.5809089309692	-33.2081706863403	-7.02465088500977	n/a	C	0	0	0	0
C2	-29.3440861862183	-33.385323078537	-6.35756059188843	n/a	C	0	0	0	0
C1	-25.4340972900391	-33.172721862793	-6.53560638427734	n/a	C	0	0	0	0
J12	-60.4348104000092	3.44255620241165	-35.9626741968095	n/a	J	0	0	0	0
J11	-56.8227522373199	3.26482260227203	-36.7466384470463	n/a	J	0	0	0	0
J10	-52.7927833795547	2.97426246106625	-37.2237897999585	n/a	J	0	0	0	0
J9	-48.9292373657227	2.11150360107422	-37.9973564147949	n/a	J	0	0	0	0
J8	-45.4366539120674	0.439554266631603	-39.6093359850347	n/a	J	0	0	0	0
J7	-41.8791476488113	-0.811123847961426	-40.7334904670715	n/a	J	0	0	0	0
J6	-38.3919734358788	-0.79480205476284	-40.8580977246165	n/a	J	0	0	0	0
J5	-34.6281900405884	-0.27061653137207	-40.3044407367706	n/a	J	0	0	0	0
J4	-30.5221983641386	-0.317722111940384	-39.3533955290914	n/a	J	0	0	0	0
J3	-27.0034429430962	-0.438899755477905	-38.005800306797	n/a	J	0	0	0	0
J2	-23.7493839859962	-0.513910040259361	-36.5474056750536	n/a	J	0	0	0	0
J1	-19.1932220458984	-0.937797546386719	-36.4065475463867	n/a	J	0	0	0	0
S12	-63.5941467285156	-6.74519348144531	-25.9537162780762	n/a	S	0	0	0	0
S11	-60.2303714270356	-6.62784851300821	-27.2711427081426	n/a	S	0	0	0	0
S10	-57.5253370123135	-6.67023569864556	-29.6298520526564	n/a	S	0	0	0	0
S9	-54.4513612671898	-6.76094834580771	-30.8026422114745	n/a	S	0	0	0	0
S8	-51.4979614765917	-6.35639976224017	-30.9599431208435	n/a	S	0	0	0	0
S7	-48.8662832768132	-5.79503278839113	-31.4447486680591	n/a	S	0	0	0	0
S6	-46.0296254849171	-5.53413813818301	-32.7474448033488	n/a	S	0	0	0	0
S5	-42.0638824446655	-6.41759001640808	-34.2120227385241	n/a	S	0	0	0	0
S4	-36.9916913592553	-8.11793750759704	-34.3519233265067	n/a	S	0	0	0	0
S3	-31.3047912182555	-9.13889623918701	-32.3753059634098	n/a	S	0	0	0	0
S2	-27.8112636662398	-8.82112190874565	-30.8723350673163	n/a	S	0	0	0	0
S1	-24.2776794433594	-8.64345169067383	-30.2486228942871	n/a	S	0	0	0	0
T12	-62.9589538574219	-25.4544486999512	-18.4375114440918	n/a	T	0	0	0	0
T11	-59.5744299908391	-24.3274839577722	-20.6488401097006	n/a	T	0	0	0	0
T10	-56.7405307213416	-23.4635141483765	-22.3786743156884	n/a	T	0	0	0	0
T9	-55.1291190554631	-23.298090380975	-23.1475480463746	n/a	T	0	0	0	0
T8	-53.9014735152478	-23.3560901473736	-23.7348846154446	n/a	T	0	0	0	0
T7	-52.3446649938583	-23.7179926255264	-24.1506245426197	n/a	T	0	0	0	0
T6	-49.8374981888027	-24.5342861575155	-23.8615695243053	n/a	T	0	0	0	0
T5	-47.1777140030664	-25.4064027301514	-23.9349197861334	n/a	T	0	0	0	0
T4	-44.1780199308311	-25.9905711386319	-24.1795931732226	n/a	T	0	0	0	0
T3	-41.0004126184906	-26.3914008700339	-25.1006233714104	n/a	T	0	0	0	0
T2	-37.5062004337421	-26.6526350556519	-25.9559770712151	n/a	T	0	0	0	0
T1	-33.9471740722656	-26.8802185058594	-26.1560287475586	n/a	T	0	0	0	0
U10	-61.1754760742188	-58.0550842285156	-11.1520767211914	n/a	U	0	0	0	0
U9	-56.890682895055	-56.9825384377869	-13.6379095148312	n/a	U	0	0	0	0
U8	-53.1353564544861	-56.0043110471735	-15.532941150231	n/a	U	0	0	0	0
U7	-50.141240844946	-54.554224863849	-15.8618206584798	n/a	U	0	0	0	0
U6	-47.8004794301401	-52.24716695252	-15.9884230795272	n/a	U	0	0	0	0
U5	-46.3880819836044	-49.0801737923659	-16.4256089174212	n/a	U	0	0	0	0
U4	-45.2479009307689	-45.7877022039367	-16.6640953437208	n/a	U	0	0	0	0
U3	-42.6650377643597	-43.9513536284967	-17.3522637829335	n/a	U	0	0	0	0
U2	-38.6672358474231	-43.0725551556671	-17.9803501567493	n/a	U	0	0	0	0
U1	-32.9201507568359	-42.1775817871094	-18.9751167297363	n/a	U	0	0	0	0
V10	-53.8778960974984	-75.4874025999717	-10.4277242399111	n/a	V	0	0	0	0
V9	-50.742458117725	-74.328835464844	-10.5986525059948	n/a	V	0	0	0	0
V8	-46.9943695068359	-72.8447418212891	-10.8172073364258	n/a	V	0	0	0	0
V7	-43.3277944323646	-71.8369736632667	-11.6537140641144	n/a	V	0	0	0	0
V6	-40.0861500609419	-70.7072888743688	-13.3970348057512	n/a	V	0	0	0	0
V5	-36.941619572433	-68.2769494531107	-14.2603697391155	n/a	V	0	0	0	0
V4	-34.4370499876302	-65.6620389676402	-13.3565433308248	n/a	V	0	0	0	0
V3	-31.6561996702836	-64.1328154445088	-13.284879700823	n/a	V	0	0	0	0
V2	-28.6950010441854	-62.9480668181583	-12.7424707746927	n/a	V	0	0	0	0
V1	-25.4763107299805	-61.0901260375977	-11.9803161621094	n/a	V	0	0	0	0
W10	-57.895637383848	-68.3162907002378	15.3877362857587	n/a	W	0	0	0	0
W9	-54.4880919774108	-68.1998437275377	15.0362762368366	n/a	W	0	0	0	0
W8	-51.5106353759766	-68.5593872070313	14.8731384277344	n/a	W	0	0	0	0
W7	-48.8998237673587	-68.7398414145185	15.3128399388271	n/a	W	0	0	0	0
W6	-46.1320403257557	-68.2372158008222	15.8888189956717	n/a	W	0	0	0	0
W5	-43.028578103346	-67.5664713034775	15.4554987269887	n/a	W	0	0	0	0
W4	-39.8185887105533	-67.3680097937638	15.235700425351	n/a	W	0	0	0	0
W3	-36.3629519812287	-66.7490422419063	15.9748273693449	n/a	W	0	0	0	0
W2	-32.6307928415618	-64.8998094702249	17.4839886678794	n/a	W	0	0	0	0
W1	-29.0016403198242	-62.7904357910156	18.7562484741211	n/a	W	0	0	0	0
O15	-52.9490356445313	33.4866333007813	-4.89333343505859	n/a	O	0	0	0	0
O14	-50.3900139892578	33.6302990325928	-6.19613458862305	n/a	O	0	0	0	0
O13	-47.9362458862305	33.9646757751465	-7.54431763458252	n/a	O	0	0	0	0
O12	-45.3316750007629	34.2061630775452	-8.73175031585694	n/a	O	0	0	0	0
O11	-42.9279741455078	33.3049095581055	-9.21172234497069	n/a	O	0	0	0	0
O10	-40.0880134613037	32.2821657691956	-9.67392095623016	n/a	O	0	0	0	0
O9	-36.2873873077393	32.2653847900391	-10.9619175048828	n/a	O	0	0	0	0
O8	-31.8863124847412	31.9578742980957	-12.2667045593262	n/a	O	0	0	0	0
O7	-27.3282285705566	31.0604962677002	-12.9211477386475	n/a	O	0	0	0	0
O6	-23.4431194007874	30.6604734909058	-13.5647448783875	n/a	O	0	0	0	0
O5	-20.2427373352051	30.1074842041016	-14.4812845962525	n/a	O	0	0	0	0
O4	-17.5543839096069	29.1674878601074	-15.496896896553	n/a	O	0	0	0	0
O3	-14.5818742698669	28.2982083694458	-16.54392866745	n/a	O	0	0	0	0
O2	-11.7299008407593	27.9154373962402	-17.0916556968689	n/a	O	0	0	0	0
O1	-8.68256378173828	27.6988983154297	-17.3652763366699	n/a	O	0	0	0	0
L12	-70.7270365247899	-26.8007528485313	10.133225355979	n/a	L	0	0	0	0
L11	-67.4147338482064	-27.3249057939421	8.31241244817931	n/a	L	0	0	0	0
L10	-63.7461395263672	-27.9026947021484	6.2509765625	n/a	L	0	0	0	0
L9	-60.5729977645897	-28.4622583491367	4.49580602025918	n/a	L	0	0	0	0
L8	-46.7288366829834	-30.0431113234253	2.80067148220825	n/a	L	0	0	0	0
L7	-53.9749669092013	-29.6177514127805	2.49052388545994	n/a	L	0	0	0	0
L6	-50.4746220699608	-30.0023864156758	2.06767052707904	n/a	L	0	0	0	0
L5	-46.730996108165	-30.0415012301135	2.80215340185588	n/a	L	0	0	0	0
L4	-42.7268389764668	-30.2104164459752	4.03999915621023	n/a	L	0	0	0	0
L3	-39.0042572132686	-30.2078300796513	5.28194534244779	n/a	L	0	0	0	0
L2	-35.2597215031952	-30.0485677748364	5.20666477906194	n/a	L	0	0	0	0
L1	-31.2927093505859	-30.1491241455078	4.43038940429688	n/a	L	0	0	0	0
PC15	-60.7444763183594	-47.3124847412109	29.9634704589844	n/a	PC	0	0	0	0
PC14	-56.6416563087577	-46.8178932109132	30.387752133768	n/a	PC	0	0	0	0
PC13	-52.9896594878551	-47.1905731612137	30.9996800136938	n/a	PC	0	0	0	0
PC12	-49.7486364344004	-47.9929900036948	32.0347730149939	n/a	PC	0	0	0	0
PC11	-46.264961735797	-47.9625597298765	32.471768725846	n/a	PC	0	0	0	0
PC10	-41.9670355522967	-46.63030673994	31.9519376609338	n/a	PC	0	0	0	0
PC9	-37.6134049339999	-46.2166502780775	31.0343062559525	n/a	PC	0	0	0	0
PC8	-33.3933258056641	-46.1847839355469	29.9011878967285	n/a	PC	0	0	0	0
PC7	-29.1898309410153	-45.6249928906658	29.0054331971768	n/a	PC	0	0	0	0
PC6	-24.8591770487965	-44.5226550263109	28.5658198532693	n/a	PC	0	0	0	0
PC5	-20.480073572317	-43.3098945951395	28.2543960602175	n/a	PC	0	0	0	0
PC4	-16.1592703959428	-42.2944739701438	27.9259758099654	n/a	PC	0	0	0	0
PC3	-12.0278455456432	-41.9752684031297	28.3015193574157	n/a	PC	0	0	0	0
PC2	-8.11870483481638	-42.0292070874828	29.1028565054945	n/a	PC	0	0	0	0
PC1	-4.78184509277344	-40.520751953125	27.2866821289063	n/a	PC	0	0	0	0
