name	type	units	low_cutoff	high_cutoff	reference	sampling_frequency	status	status_description	source_label
J1-Ref1	SEEG	µV	0.6	n/a	Ref1	1000.0	good	n/a	J1-*Ref1
J2-Ref1	SEEG	µV	0.6	n/a	Ref1	1000.0	good	n/a	*J2-*Ref1
J3-Ref1	SEEG	µV	0.6	n/a	Ref1	1000.0	good	n/a	*J3-*Ref1
J4-Ref1	SEEG	µV	0.6	n/a	Ref1	1000.0	good	n/a	*J4-*Ref1
J5-Ref1	SEEG	µV	0.6	n/a	Ref1	1000.0	good	n/a	*J5-*Ref1
J6-Ref1	SEEG	µV	0.6	n/a	Ref1	1000.0	good	n/a	*J6-*Ref1
J7-Ref1	SEEG	µV	0.6	n/a	Ref1	1000.0	good	n/a	*J7-*Ref1
J8-Ref1	SEEG	µV	0.6	n/a	Ref1	1000.0	good	n/a	*J8-*Ref1
J9-Ref1	SEEG	µV	0.6	n/a	Ref1	1000.0	good	n/a	*J9-*Ref1
J10-Ref1	SEEG	µV	0.6	n/a	Ref1	1000.0	good	n/a	*J10-*Ref1
J11-Ref1	SEEG	µV	0.6	n/a	Ref1	1000.0	good	n/a	*J11-*Ref1
J12-Ref1	SEEG	µV	0.6	n/a	Ref1	1000.0	good	n/a	*J12-*Ref1
S1-Ref1	SEEG	µV	0.6	n/a	Ref1	1000.0	good	n/a	*S1-*Ref1
S2-Ref1	SEEG	µV	0.6	n/a	Ref1	1000.0	good	n/a	*S2-*Ref1
S3-Ref1	SEEG	µV	0.6	n/a	Ref1	1000.0	good	n/a	*S3-*Ref1
S4-Ref1	SEEG	µV	0.6	n/a	Ref1	1000.0	good	n/a	*S4-*Ref1
S5-Ref1	SEEG	µV	0.6	n/a	Ref1	1000.0	good	n/a	*S5-*Ref1
S6-Ref1	SEEG	µV	0.6	n/a	Ref1	1000.0	good	n/a	*S6-*Ref1
S7-Ref1	SEEG	µV	0.6	n/a	Ref1	1000.0	good	n/a	*S7-*Ref1
S8-Ref1	SEEG	µV	0.6	n/a	Ref1	1000.0	good	n/a	*S8-*Ref1
S9-Ref1	SEEG	µV	0.6	n/a	Ref1	1000.0	good	n/a	*S9-*Ref1
S10-Ref1	SEEG	µV	0.6	n/a	Ref1	1000.0	good	n/a	*S10-*Ref1
S11-Ref1	SEEG	µV	0.6	n/a	Ref1	1000.0	good	n/a	*S11-*Ref1
S12-Ref1	SEEG	µV	0.6	n/a	Ref1	1000.0	good	n/a	*S12-*Ref1
A1-Ref1	SEEG	µV	0.6	n/a	Ref1	1000.0	good	n/a	*A1-*Ref1
A2-Ref1	SEEG	µV	0.6	n/a	Ref1	1000.0	good	n/a	*A2-*Ref1
A3-Ref1	SEEG	µV	0.6	n/a	Ref1	1000.0	good	n/a	*A3-*Ref1
A4-Ref1	SEEG	µV	0.6	n/a	Ref1	1000.0	good	n/a	*A4-*Ref1
A5-Ref1	SEEG	µV	0.6	n/a	Ref1	1000.0	good	n/a	*A5-*Ref1
A6-Ref1	SEEG	µV	0.6	n/a	Ref1	1000.0	good	n/a	*A6-*Ref1
A7-Ref1	SEEG	µV	0.6	n/a	Ref1	1000.0	good	n/a	*A7-*Ref1
A8-Ref1	SEEG	µV	0.6	n/a	Ref1	1000.0	good	n/a	*A8-*Ref1
A9-Ref1	SEEG	µV	0.6	n/a	Ref1	1000.0	good	n/a	*A9-*Ref1
A10-Ref1	SEEG	µV	0.6	n/a	Ref1	1000.0	good	n/a	*A10-*Ref1
A11-Ref1	SEEG	µV	0.6	n/a	Ref1	1000.0	good	n/a	*A11-*Ref1
A12-Ref1	SEEG	µV	0.6	n/a	Ref1	1000.0	good	n/a	*A12-*Ref1
B1-Ref1	SEEG	µV	0.6	n/a	Ref1	1000.0	good	n/a	*B1-*Ref1
B2-Ref1	SEEG	µV	0.6	n/a	Ref1	1000.0	good	n/a	*B2-*Ref1
B3-Ref1	SEEG	µV	0.6	n/a	Ref1	1000.0	good	n/a	*B3-*Ref1
B4-Ref1	SEEG	µV	0.6	n/a	Ref1	1000.0	good	n/a	*B4-*Ref1
B5-Ref1	SEEG	µV	0.6	n/a	Ref1	1000.0	good	n/a	*B5-*Ref1
B6-Ref1	SEEG	µV	0.6	n/a	Ref1	1000.0	good	n/a	*B6-*Ref1
B7-Ref1	SEEG	µV	0.6	n/a	Ref1	1000.0	good	n/a	*B7-*Ref1
B8-Ref1	SEEG	µV	0.6	n/a	Ref1	1000.0	good	n/a	*B8-*Ref1
B9-Ref1	SEEG	µV	0.6	n/a	Ref1	1000.0	good	n/a	*B9-*Ref1
B10-Ref1	SEEG	µV	0.6	n/a	Ref1	1000.0	good	n/a	*B10-*Ref1
B11-Ref1	SEEG	µV	0.6	n/a	Ref1	1000.0	good	n/a	*B11-*Ref1
B12-Ref1	SEEG	µV	0.6	n/a	Ref1	1000.0	good	n/a	*B12-*Ref1
B13-Ref1	SEEG	µV	0.6	n/a	Ref1	1000.0	good	n/a	*B13-*Ref1
B14-Ref1	SEEG	µV	0.6	n/a	Ref1	1000.0	good	n/a	*B14-*Ref1
B15-Ref1	SEEG	µV	0.6	n/a	Ref1	1000.0	good	n/a	*B15-*Ref1
V1-Ref1	SEEG	µV	0.6	n/a	Ref1	1000.0	good	n/a	*V1-*Ref1
V2-Ref1	SEEG	µV	0.6	n/a	Ref1	1000.0	good	n/a	*V2-*Ref1
V3-Ref1	SEEG	µV	0.6	n/a	Ref1	1000.0	good	n/a	*V3-*Ref1
V4-Ref1	SEEG	µV	0.6	n/a	Ref1	1000.0	good	n/a	*V4-*Ref1
V5-Ref1	SEEG	µV	0.6	n/a	Ref1	1000.0	good	n/a	*V5-*Ref1
V6-Ref1	SEEG	µV	0.6	n/a	Ref1	1000.0	good	n/a	*V6-*Ref1
V7-Ref1	SEEG	µV	0.6	n/a	Ref1	1000.0	good	n/a	*V7-*Ref1
V8-Ref1	SEEG	µV	0.6	n/a	Ref1	1000.0	good	n/a	*V8-*Ref1
V9-Ref1	SEEG	µV	0.6	n/a	Ref1	1000.0	good	n/a	*V9-*Ref1
V10-Ref1	SEEG	µV	0.6	n/a	Ref1	1000.0	good	n/a	*V10-*Ref1
C1-Ref1	SEEG	µV	0.6	n/a	Ref1	1000.0	good	n/a	*C1-*Ref1
C2-Ref1	SEEG	µV	0.6	n/a	Ref1	1000.0	good	n/a	*C2-*Ref1
C3-Ref1	SEEG	µV	0.6	n/a	Ref1	1000.0	good	n/a	*C3-*Ref1
C4-Ref1	SEEG	µV	0.6	n/a	Ref1	1000.0	good	n/a	*C4-*Ref1
C5-Ref1	SEEG	µV	0.6	n/a	Ref1	1000.0	good	n/a	*C5-*Ref1
C6-Ref1	SEEG	µV	0.6	n/a	Ref1	1000.0	good	n/a	*C6-*Ref1
C7-Ref1	SEEG	µV	0.6	n/a	Ref1	1000.0	good	n/a	*C7-*Ref1
C8-Ref1	SEEG	µV	0.6	n/a	Ref1	1000.0	good	n/a	*C8-*Ref1
C9-Ref1	SEEG	µV	0.6	n/a	Ref1	1000.0	good	n/a	*C9-*Ref1
C10-Ref1	SEEG	µV	0.6	n/a	Ref1	1000.0	good	n/a	*C10-*Ref1
C11-Ref1	SEEG	µV	0.6	n/a	Ref1	1000.0	good	n/a	*C11-*Ref1
C12-Ref1	SEEG	µV	0.6	n/a	Ref1	1000.0	good	n/a	*C12-*Ref1
C13-Ref1	SEEG	µV	0.6	n/a	Ref1	1000.0	good	n/a	*C13-*Ref1
C14-Ref1	SEEG	µV	0.6	n/a	Ref1	1000.0	good	n/a	*C14-*Ref1
C15-Ref1	SEEG	µV	0.6	n/a	Ref1	1000.0	good	n/a	*C15-*Ref1
L1-Ref1	SEEG	µV	0.6	n/a	Ref1	1000.0	good	n/a	*L1-*Ref1
L2-Ref1	SEEG	µV	0.6	n/a	Ref1	1000.0	good	n/a	*L2-*Ref1
L3-Ref1	SEEG	µV	0.6	n/a	Ref1	1000.0	good	n/a	*L3-*Ref1
L4-Ref1	SEEG	µV	0.6	n/a	Ref1	1000.0	good	n/a	*L4-*Ref1
L5-Ref1	SEEG	µV	0.6	n/a	Ref1	1000.0	good	n/a	*L5-*Ref1
L6-Ref1	SEEG	µV	0.6	n/a	Ref1	1000.0	good	n/a	*L6-*Ref1
L7-Ref1	SEEG	µV	0.6	n/a	Ref1	1000.0	good	n/a	*L7-*Ref1
L8-Ref1	SEEG	µV	0.6	n/a	Ref1	1000.0	good	n/a	*L8-*Ref1
L9-Ref1	SEEG	µV	0.6	n/a	Ref1	1000.0	good	n/a	*L9-*Ref1
L10-Ref1	SEEG	µV	0.6	n/a	Ref1	1000.0	good	n/a	*L10-*Ref1
L11-Ref1	SEEG	µV	0.6	n/a	Ref1	1000.0	good	n/a	*L11-*Ref1
L12-Ref1	SEEG	µV	0.6	n/a	Ref1	1000.0	good	n/a	*L12-*Ref1
T1-Ref1	SEEG	µV	0.6	n/a	Ref1	1000.0	good	n/a	*T1-*Ref1
T2-Ref1	SEEG	µV	0.6	n/a	Ref1	1000.0	good	n/a	*T2-*Ref1
T3-Ref1	SEEG	µV	0.6	n/a	Ref1	1000.0	good	n/a	*T3-*Ref1
T4-Ref1	SEEG	µV	0.6	n/a	Ref1	1000.0	good	n/a	*T4-*Ref1
T5-Ref1	SEEG	µV	0.6	n/a	Ref1	1000.0	good	n/a	*T5-*Ref1
T6-Ref1	SEEG	µV	0.6	n/a	Ref1	1000.0	good	n/a	*T6-*Ref1
T7-Ref1	SEEG	µV	0.6	n/a	Ref1	1000.0	good	n/a	*T7-*Ref1
T8-Ref1	SEEG	µV	0.6	n/a	Ref1	1000.0	good	n/a	*T8-*Ref1
T9-Ref1	SEEG	µV	0.6	n/a	Ref1	1000.0	good	n/a	*T9-*Ref1
T10-Ref1	SEEG	µV	0.6	n/a	Ref1	1000.0	good	n/a	*T10-*Ref1
T11-Ref1	SEEG	µV	0.6	n/a	Ref1	1000.0	good	n/a	*T11-*Ref1
T12-Ref1	SEEG	µV	0.6	n/a	Ref1	1000.0	good	n/a	*T12-*Ref1
U1-Ref1	SEEG	µV	0.6	n/a	Ref1	1000.0	good	n/a	*U1-*Ref1
U2-Ref1	SEEG	µV	0.6	n/a	Ref1	1000.0	good	n/a	*U2-*Ref1
U3-Ref1	SEEG	µV	0.6	n/a	Ref1	1000.0	good	n/a	*U3-*Ref1
U4-Ref1	SEEG	µV	0.6	n/a	Ref1	1000.0	good	n/a	*U4-*Ref1
U5-Ref1	SEEG	µV	0.6	n/a	Ref1	1000.0	good	n/a	*U5-*Ref1
U6-Ref1	SEEG	µV	0.6	n/a	Ref1	1000.0	good	n/a	*U6-*Ref1
U7-Ref1	SEEG	µV	0.6	n/a	Ref1	1000.0	good	n/a	*U7-*Ref1
U8-Ref1	SEEG	µV	0.6	n/a	Ref1	1000.0	good	n/a	*U8-*Ref1
U9-Ref1	SEEG	µV	0.6	n/a	Ref1	1000.0	good	n/a	*U9-*Ref1
U10-Ref1	SEEG	µV	0.6	n/a	Ref1	1000.0	good	n/a	*U10-*Ref1
W1-Ref1	SEEG	µV	0.6	n/a	Ref1	1000.0	good	n/a	*W1-*Ref1
W2-Ref1	SEEG	µV	0.6	n/a	Ref1	1000.0	good	n/a	*W2-*Ref1
W3-Ref1	SEEG	µV	0.6	n/a	Ref1	1000.0	good	n/a	*W3-*Ref1
W4-Ref1	SEEG	µV	0.6	n/a	Ref1	1000.0	good	n/a	*W4-*Ref1
W5-Ref1	SEEG	µV	0.6	n/a	Ref1	1000.0	good	n/a	*W5-*Ref1
W6-Ref1	SEEG	µV	0.6	n/a	Ref1	1000.0	good	n/a	*W6-*Ref1
W7-Ref1	SEEG	µV	0.6	n/a	Ref1	1000.0	good	n/a	*W7-*Ref1
W8-Ref1	SEEG	µV	0.6	n/a	Ref1	1000.0	good	n/a	*W8-*Ref1
W9-Ref1	SEEG	µV	0.6	n/a	Ref1	1000.0	good	n/a	*W9-*Ref1
W10-Ref1	SEEG	µV	0.6	n/a	Ref1	1000.0	good	n/a	*W10-*Ref1
Ref2-Ref1	MISC	µV	n/a	n/a	Ref1	1000.0	good	n/a	*Ref2-*Ref1
O1-Ref1	SEEG	µV	0.6	n/a	Ref1	1000.0	good	n/a	*O1-*Ref1
O2-Ref1	SEEG	µV	0.6	n/a	Ref1	1000.0	good	n/a	*O2-*Ref1
O3-Ref1	SEEG	µV	0.6	n/a	Ref1	1000.0	good	n/a	*O3-*Ref1
O4-Ref1	SEEG	µV	0.6	n/a	Ref1	1000.0	good	n/a	*O4-*Ref1
O5-Ref1	SEEG	µV	0.6	n/a	Ref1	1000.0	good	n/a	*O5-*Ref1
O6-Ref1	SEEG	µV	0.6	n/a	Ref1	1000.0	good	n/a	*O6-*Ref1
O7-Ref1	SEEG	µV	0.6	n/a	Ref1	1000.0	good	n/a	*O7-*Ref1
O8-Ref1	SEEG	µV	0.6	n/a	Ref1	1000.0	good	n/a	*O8-*Ref1
O9-Ref1	SEEG	µV	0.6	n/a	Ref1	1000.0	good	n/a	*O9-*Ref1
O10-Ref1	SEEG	µV	0.6	n/a	Ref1	1000.0	good	n/a	*O10-*Ref1
O11-Ref1	SEEG	µV	0.6	n/a	Ref1	1000.0	good	n/a	*O11-*Ref1
O12-Ref1	SEEG	µV	0.6	n/a	Ref1	1000.0	good	n/a	*O12-*Ref1
O13-Ref1	SEEG	µV	0.6	n/a	Ref1	1000.0	good	n/a	*O13-*Ref1
O14-Ref1	SEEG	µV	0.6	n/a	Ref1	1000.0	good	n/a	*O14-*Ref1
O15-Ref1	SEEG	µV	0.6	n/a	Ref1	1000.0	good	n/a	*O15-*Ref1
I1-Ref1	SEEG	µV	0.6	n/a	Ref1	1000.0	good	n/a	*I1-*Ref1
I2-Ref1	SEEG	µV	0.6	n/a	Ref1	1000.0	good	n/a	*I2-*Ref1
I3-Ref1	SEEG	µV	0.6	n/a	Ref1	1000.0	good	n/a	*I3-*Ref1
I4-Ref1	SEEG	µV	0.6	n/a	Ref1	1000.0	good	n/a	*I4-*Ref1
I5-Ref1	SEEG	µV	0.6	n/a	Ref1	1000.0	good	n/a	*I5-*Ref1
I6-Ref1	SEEG	µV	0.6	n/a	Ref1	1000.0	good	n/a	*I6-*Ref1
I7-Ref1	SEEG	µV	0.6	n/a	Ref1	1000.0	good	n/a	*I7-*Ref1
I8-Ref1	SEEG	µV	0.6	n/a	Ref1	1000.0	good	n/a	*I8-*Ref1
I9-Ref1	SEEG	µV	0.6	n/a	Ref1	1000.0	good	n/a	*I9-*Ref1
I10-Ref1	SEEG	µV	0.6	n/a	Ref1	1000.0	good	n/a	*I10-*Ref1
I11-Ref1	SEEG	µV	0.6	n/a	Ref1	1000.0	good	n/a	*I11-*Ref1
I12-Ref1	SEEG	µV	0.6	n/a	Ref1	1000.0	good	n/a	*I12-*Ref1
I13-Ref1	SEEG	µV	0.6	n/a	Ref1	1000.0	good	n/a	*I13-*Ref1
I14-Ref1	SEEG	µV	0.6	n/a	Ref1	1000.0	good	n/a	*I14-*Ref1
PC1-Ref1	SEEG	µV	0.6	n/a	Ref1	1000.0	good	n/a	*PC1-*Ref1
PC2-Ref1	SEEG	µV	0.6	n/a	Ref1	1000.0	good	n/a	*PC2-*Ref1
PC3-Ref1	SEEG	µV	0.6	n/a	Ref1	1000.0	good	n/a	*PC3-*Ref1
PC4-Ref1	SEEG	µV	0.6	n/a	Ref1	1000.0	good	n/a	*PC4-*Ref1
PC5-Ref1	SEEG	µV	0.6	n/a	Ref1	1000.0	good	n/a	*PC5-*Ref1
PC6-Ref1	SEEG	µV	0.6	n/a	Ref1	1000.0	good	n/a	*PC6-*Ref1
PC7-Ref1	SEEG	µV	0.6	n/a	Ref1	1000.0	good	n/a	*PC7-*Ref1
PC8-Ref1	SEEG	µV	0.6	n/a	Ref1	1000.0	good	n/a	*PC8-*Ref1
PC9-Ref1	SEEG	µV	0.6	n/a	Ref1	1000.0	good	n/a	*PC9-*Ref1
PC10-Ref1	SEEG	µV	0.6	n/a	Ref1	1000.0	good	n/a	*PC10-*Ref1
PC11-Ref1	SEEG	µV	0.6	n/a	Ref1	1000.0	good	n/a	*PC11-*Ref1
PC12-Ref1	SEEG	µV	0.6	n/a	Ref1	1000.0	good	n/a	*PC12-*Ref1
PC13-Ref1	SEEG	µV	0.6	n/a	Ref1	1000.0	good	n/a	*PC13-*Ref1
PC14-Ref1	SEEG	µV	0.6	n/a	Ref1	1000.0	good	n/a	*PC14-*Ref1
PC15-Ref1	SEEG	µV	0.6	n/a	Ref1	1000.0	good	n/a	*PC15-*Ref1
sFP1-Ref1	SEEG	µV	0.6	n/a	Ref1	1000.0	good	n/a	*sFP1-*Ref1
sF7-Ref1	EEG	µV	0.6	n/a	Ref1	1000.0	good	n/a	*sF7-*Ref1
sT7-Ref1	EEG	µV	0.6	n/a	Ref1	1000.0	good	n/a	*sT7-*Ref1
sP7-Ref1	EEG	µV	0.6	n/a	Ref1	1000.0	good	n/a	*sP7-*Ref1
sO1-Ref1	EEG	µV	0.6	n/a	Ref1	1000.0	good	n/a	*sO1-*Ref1
sFp2-Ref1	SEEG	µV	0.6	n/a	Ref1	1000.0	good	n/a	*sFp2-*Ref1
sF8-Ref1	EEG	µV	0.6	n/a	Ref1	1000.0	good	n/a	*sF8-*Ref1
sT8-Ref1	EEG	µV	0.6	n/a	Ref1	1000.0	good	n/a	*sT8-*Ref1
sP8-Ref1	EEG	µV	0.6	n/a	Ref1	1000.0	good	n/a	*sP8-*Ref1
sO2-Ref1	EEG	µV	0.6	n/a	Ref1	1000.0	good	n/a	*sO2-*Ref1
sF3-Ref1	EEG	µV	0.6	n/a	Ref1	1000.0	good	n/a	*sF3-*Ref1
sC3-Ref1	EEG	µV	0.6	n/a	Ref1	1000.0	good	n/a	*sC3-*Ref1
sP3-Ref1	EEG	µV	0.6	n/a	Ref1	1000.0	good	n/a	*sP3-*Ref1
sF4-Ref1	EEG	µV	0.6	n/a	Ref1	1000.0	good	n/a	*sF4-*Ref1
sC4-Ref1	EEG	µV	0.6	n/a	Ref1	1000.0	good	n/a	*sC4-*Ref1
sP4-Ref1	EEG	µV	0.6	n/a	Ref1	1000.0	good	n/a	*sP4-*Ref1
sFZ-Ref1	EEG	µV	0.6	n/a	Ref1	1000.0	good	n/a	*sFZ-*Ref1
sCz-Ref1	EEG	µV	0.6	n/a	Ref1	1000.0	good	n/a	*sCz-*Ref1
sPz-Ref1	EEG	µV	0.6	n/a	Ref1	1000.0	good	n/a	*sPz-*Ref1
Ref3-Ref1	MISC	µV	n/a	n/a	Ref1	1000.0	good	n/a	*Ref3-*Ref1
DC03(cm)	TRIG	µV	n/a	n/a	n/a	1000.0	good	DC input used by the authors as sync-pulse channel (ecog_reref.m); header unit label: (cm)	*DC03(cm)
