x,y,z,t,label,mass,count,channel
15.8299678990618,3.66061389967799,74.1363833410665,0,0,0,0,Z10
16.0041750055832,2.65756831126473,71.3283805613863,0,0,0,0,Z9
16.4014530464767,1.50401975522888,68.4108804238754,0,0,0,0,Z8
17.4185207625717,1.09686487795605,65.6760108131222,0,0,0,0,Z7
17.8545957812955,1.7201812933997,61.9564697238484,0,0,0,0,Z6
17.0369576156238,2.3969294920241,57.3766462607935,0,0,0,0,Z5
16.7675748300566,2.85373004394956,52.7459574114302,0,0,0,0,Z4
17.3963935562946,2.40248942118797,48.3736572360837,0,0,0,0,Z3
18.7968295809018,0.984661054542933,44.2830046796823,0,0,0,0,Z2
20.0781901407521,-0.495209062518551,40.4628595132381,0,0,0,0,Z1
33.8330577054527,-6.82849192922003,27.565772620216,0,0,0,0,Y10
34.5991295818193,-6.94406556022112,23.4159463845887,0,0,0,0,Y9
35.3605292688366,-7.1027311998947,19.3202112920517,0,0,0,0,Y8
36.311380676854,-6.70705119863257,15.1320168921303,0,0,0,0,Y7
37.5935198996437,-6.25650579057667,10.7750642077801,0,0,0,0,Y6
38.7589437335623,-6.22531233388235,6.1579404106349,0,0,0,0,Y5
39.8177674531702,-7.08869884462849,0.951607184197546,0,0,0,0,Y4
40.4309893185364,-7.56486970684492,-4.25200147335397,0,0,0,0,Y3
41.4893965215857,-7.22073831443578,-9.16980942506595,0,0,0,0,Y2
42.8628732325276,-7.05457418784499,-14.177849541977,0,0,0,0,Y1
33.2601093107835,21.8985593259335,24.776641781535,0,0,0,0,X10
33.8119428127723,20.3215587003549,20.5221861332578,0,0,0,0,X9
34.2673884357184,18.2685482984643,16.3077928684368,0,0,0,0,X8
34.5591501874791,16.2717817225151,12.1931268019187,0,0,0,0,X7
34.7198158046083,14.6462323446194,8.02921027281664,0,0,0,0,X6
34.755489830891,12.855457086356,3.9016249694291,0,0,0,0,X5
34.6106705674935,10.5395375684711,-0.211953315883796,0,0,0,0,X4
35.0757520460337,8.16888593435821,-4.39893038507929,0,0,0,0,X3
35.679264057193,5.90102694435152,-8.48176077803573,0,0,0,0,X2
35.6889388830168,3.65895046880469,-12.3340909314109,0,0,0,0,X1
63.9452134271385,-34.3613815032877,23.1042481566779,0,0,0,0,PC15
59.3202389336751,-34.2652373390312,23.8253160604425,0,0,0,0,PC14
54.6857176588609,-34.4708833790544,24.2399271155834,0,0,0,0,PC13
50.8637638158446,-34.8661789740538,24.6603953524229,0,0,0,0,PC12
47.4281379961142,-35.212696250978,25.2042023572225,0,0,0,0,PC11
44.0621147716176,-35.6275603756165,25.8108804713125,0,0,0,0,PC10
40.3323955261245,-35.6602680300784,26.4030103247208,0,0,0,0,PC9
36.2498093201313,-35.3081971485168,26.6439277685713,0,0,0,0,PC8
32.0048401194692,-34.895889562428,26.5241335056169,0,0,0,0,PC7
27.8300931558824,-34.4366301130335,26.2661110502443,0,0,0,0,PC6
23.8015513096434,-33.9113278775805,26.0250725793524,0,0,0,0,PC5
20.0420984937164,-33.2745934026173,25.959084264604,0,0,0,0,PC4
16.3667605802343,-32.4785559728264,25.7925122610398,0,0,0,0,PC3
12.5034449565716,-31.6515892692225,25.2991786869365,0,0,0,0,PC2
8.06399888875896,-31.2404479941353,25.0157162943855,0,0,0,0,PC1
54.0753755178768,40.6047206343152,-7.24815457900986,0,0,0,0,O12
50.6158744464896,39.9860876483262,-8.87300157610583,0,0,0,0,O11
47.2342194789197,39.5002477404057,-10.562345775904,0,0,0,0,O10
43.9055315828492,40.2696592477185,-11.8017916808209,0,0,0,0,O9
39.1059793258204,41.3029381069141,-12.6588036242149,0,0,0,0,O8
34.4247812348941,41.6210143861359,-12.7656900655922,0,0,0,0,O7
29.9147018685448,41.4683766774189,-13.252589826531,0,0,0,0,O6
25.8371579910638,41.1634807319547,-13.6228352712709,0,0,0,0,O5
21.7990202375076,40.9963194110686,-14.8865174751031,0,0,0,0,O4
17.2973191445282,40.2543596705625,-16.6480497755616,0,0,0,0,O3
13.61040677609,39.8686266877011,-19.0686578798528,0,0,0,0,O2
9.72929042936304,39.4424430141225,-20.1477588559035,0,0,0,0,O1
61.6300515845418,-2.28355409684591,-28.3148666389054,0,0,0,0,A12
58.8659428542987,-1.79732699590935,-28.8776674698917,0,0,0,0,A11
55.564266909909,-1.64949763068656,-29.1941612265528,0,0,0,0,A10
51.6738637535795,-2.24357969299669,-30.0679932924367,0,0,0,0,A9
48.8423757154895,-1.86157511898574,-30.4979428683922,0,0,0,0,A8
46.6219029946585,-0.455247513769338,-29.732418201872,0,0,0,0,A7
42.3464477336152,0.395789390529735,-27.5919594498788,0,0,0,0,A6
36.8958725876378,-2.11685412669674,-25.8214980110204,0,0,0,0,A5
33.589822414325,-4.32411284444343,-25.1642331492784,0,0,0,0,A4
30.4394594054603,-4.03877540498093,-24.8510535673771,0,0,0,0,A3
26.1059503903526,-3.03732892177242,-24.7045421892803,0,0,0,0,A2
22.0948675442953,-2.86261043739505,-24.3320044477237,0,0,0,0,A1
30.4762415779987,-9.9645692944061,-22.8157728438964,0,0,0,0,B1
35.4668068594201,-10.1993466028633,-24.1270458592929,0,0,0,0,B2
40.8813427143295,-8.53737015289085,-25.1373900932073,0,0,0,0,B3
45.9033112061472,-9.17587099370506,-26.8465602519256,0,0,0,0,B4
49.913557664809,-10.4918114149706,-28.0495951104101,0,0,0,0,B5
54.8989624701543,-9.94793351493841,-28.4407722557034,0,0,0,0,B6
59.3515427932303,-10.780062042134,-28.6843808539099,0,0,0,0,B7
63.3963455982645,-11.922637699613,-28.5797452115068,0,0,0,0,B8
66.8211432366652,-12.8350204604104,-28.4373477248909,0,0,0,0,B9
69.9310278375633,-13.6657411486842,-28.5514916378073,0,0,0,0,B10
74.5458429558203,-12.8978578132577,-8.11882069641724,0,0,0,0,C12
72.1968236267156,-13.1076212905368,-9.00992172384019,0,0,0,0,C11
69.7738169965463,-13.3288861625053,-9.9226277619248,0,0,0,0,C10
66.0522006521996,-13.9154984561745,-11.1326302239729,0,0,0,0,C9
62.499291264819,-14.4049603874185,-12.8366309132178,0,0,0,0,C8
59.1293119249377,-14.8238372287244,-14.549491399208,0,0,0,0,C7
55.4099015972477,-15.2479323035249,-15.9215439551269,0,0,0,0,C6
51.6932347161626,-15.9276261745628,-17.2034071826075,0,0,0,0,C5
46.997544204357,-16.2919601551636,-17.1809546528338,0,0,0,0,C4
41.0201137490235,-16.6992089640491,-17.0971293441904,0,0,0,0,C3
36.6337088526519,-17.4599367736407,-18.0727511835548,0,0,0,0,C2
32.9736067132093,-18.3058548649773,-19.2531355915591,0,0,0,0,C1
75.2763118450996,-27.2255250871181,-7.90728828385472,0,0,0,0,D12
72.9671224474897,-26.9588196524415,-8.54296440607457,0,0,0,0,D11
70.3129978371845,-26.9283693940539,-9.21597452069432,0,0,0,0,D10
66.5172709942559,-27.1666186141239,-10.1342760869488,0,0,0,0,D9
63.0575860652524,-27.1170615115165,-11.480781935362,0,0,0,0,D8
59.297971926605,-26.3227630899022,-12.2195005877961,0,0,0,0,D7
55.4766465428557,-25.368631122872,-12.7452435979714,0,0,0,0,D6
51.3639906767325,-24.9951461009421,-13.5413363439175,0,0,0,0,D5
46.394921402319,-25.2205928498565,-13.8950833465444,0,0,0,0,D4
40.9966940575949,-25.6437098311896,-13.4873960698712,0,0,0,0,D3
37.0129304779951,-25.9959026865936,-12.6238766520591,0,0,0,0,D2
33.2438244491816,-25.8640139248222,-12.0812533456134,0,0,0,0,D1
60.4164167892421,5.07699554879218,-31.5580760765821,0,0,0,0,J10
56.7247016156067,5.41494206259504,-31.6202116880581,0,0,0,0,J9
52.9450479936343,5.51879310782241,-31.2699603005349,0,0,0,0,J8
50.0224676530965,6.30852265200925,-30.8715923418599,0,0,0,0,J7
46.6954942074839,8.00669811934996,-30.5884184100621,0,0,0,0,J6
41.7767037974478,8.88694536424242,-30.8256244779468,0,0,0,0,J5
35.7840575166761,7.96207968255816,-29.7525078008324,0,0,0,0,J4
32.1758130632039,6.76706897355422,-28.6863561780442,0,0,0,0,J3
28.8244948736983,5.52612825939164,-27.6847492804394,0,0,0,0,J2
25.2660412386526,4.22111364454032,-27.670735344314,0,0,0,0,J1
72.2796761842445,-43.6862336949445,5.98746450743638,0,0,0,0,K10
69.7085995805217,-43.1080456693035,5.66623450679424,0,0,0,0,K9
66.3193283494136,-42.8046117750732,4.89538848567423,0,0,0,0,K8
62.6816327261106,-42.6092682530833,4.41520968402953,0,0,0,0,K7
58.9484886928948,-42.4605664567142,4.34656843637619,0,0,0,0,K6
55.3930933040423,-41.7578621759658,4.39199959509129,0,0,0,0,K5
51.9849016933152,-40.9989716658983,4.03600481821487,0,0,0,0,K4
48.8435351975708,-39.927709794002,3.32141181082382,0,0,0,0,K3
45.9007721838099,-38.9067351911885,2.59654988359541,0,0,0,0,K2
42.1900895150844,-38.9584898965899,1.71215694872663,0,0,0,0,K1
70.2319615226239,-23.2875595632475,5.3010101291351,0,0,0,0,L10
66.8475163153579,-22.945409465727,5.32390038522798,0,0,0,0,L9
63.0264828964347,-23.2151039478068,4.2940783082618,0,0,0,0,L8
59.3421099608283,-23.6546992227386,2.61314946052531,0,0,0,0,L7
55.5314147551656,-23.7347999955998,1.30275062285264,0,0,0,0,L6
51.6441754484029,-23.6952919399912,0.262547879367422,0,0,0,0,L5
47.6428598966648,-23.6604173070514,0.0168584855474347,0,0,0,0,L4
43.389390727512,-23.5539696236109,0.467635928615024,0,0,0,0,L3
38.7105067751971,-23.535113915515,1.13613532146567,0,0,0,0,L2
34.0814399592346,-23.5445561599918,1.59365075300448,0,0,0,0,L1
49.413708200166,36.3817745730281,21.3765715584159,0,0,0,0,AC12
45.8101044931312,35.8813877373383,21.163458848613,0,0,0,0,AC11
42.5802047226705,35.7528650493983,20.5532778489762,0,0,0,0,AC10
39.2738474882665,35.3934575017188,20.1599075347438,0,0,0,0,AC9
35.4824675272502,34.1665236612649,19.9294077511561,0,0,0,0,AC8
31.2825963491975,32.8707018427505,20.0012651662091,0,0,0,0,AC7
27.2993309331338,32.5682871071374,20.6859598234792,0,0,0,0,AC6
23.6237935323876,32.5510547411748,20.4966970494201,0,0,0,0,AC5
19.7512609224033,32.3275823994207,19.6580829070736,0,0,0,0,AC4
15.5602702298765,32.1131438350442,19.1256541284362,0,0,0,0,AC3
11.3309841034081,31.7577812917976,18.7866207107415,0,0,0,0,AC2
7.28968511624263,31.0047143830918,18.1357873497531,0,0,0,0,AC1
